target,peptide_sequence
Solyc01g065840.4.1,MAEETLDDRLSDLPDSLLLQILSLLPTEEAFRTCILSKRWQYLWTSLDSLIFSPRRFWGRNKGFRSFVDYVLSHSTAPKITKFEIHCSGLHSYKSQISQWLTFAVKKNVQHAVLYSPPPSIMSQCFFNCSSLISLYLAESSLVSTVVIAWKSLKTIKLEEMVVVDAEIENLLSGCPALEAIVFNNVGGFRHLKINSLKVKSLKLEGYWVDDGGESDHSFEICAPYLQHLELLHDFHDFKCSLVDVSSVVNAKITFDITCIKHLHDDYAQYSDSDEDDEDSCSDYHQTFKTLIQDYLQKLCRATELTFGTFFTQVLCILLFKGVPIPELECKHIVLKLHLEKFSLYGAAGLLRASPLVETLNLEIENQPFHDSRCYFERKYLVKGDNIDLQSYNSSSVCPNLKNVEIAISSGMCMKEHLNWEYIRKFFKLSMFLLKNAVVLEKFVIVSKKRRCEFCGIKCLSRFLSRLASNLRSSAEFVITYQELVDVSSVVKAKDSPCQDSDDEEDSCSDYYQDSDDEEDCPSDYYYHDSDDDEDNFDLDFDDDDEDNTDQDSDDEEDNTDQDSDDDEEDEP*
Solyc01g095320.4.1,MYPTNPYQRNQVPYNPHYYPRFESNPHHHMNIDPTRSTLPYESWPCGGSNYRHPYPPECHSCCIHNTSPSQCAFSPPYPYLPPSTYNNCSYPTYPVMYPTHYVPHPHFTMEQPRYEYEKNMGRDHHCCGCSNHKCGSKKGGSSVKIEEHDQDKGNDCNDSLVPFGFNNCPYPVVCLPPDDMKNRERMKPDGSNCKEQEENPQPLKPLGDFRPSQQPNFWKLWPSHYGNSSGSPKENGDFPEKQHHDDAIRKQFPFPIIWMPYRPEEDREEVGKETESGLIAEKEPTSPSKLTKLMSHDSEDKRSSSKENEVNSGGDFHGKGLNKGSVVKTIPVKQVEQNEIFDGKKEEASQRHESDAKQKKITQEAGRKQSTSPTKSSKLPPVCLRVDPLPRKKSSSGNSRSPSPPRGKGKLVESRSDSSKPPIKSNEKENVQLDKSSTTSMPRKSTEVEPSKSKAKVVEVAQGTAKEDILHDQCTVFPDLKRQARSKIAEGDTGKAANKPKDELDAVVAKAQSSNEAHQRGEARQAVNEEVDAGNKTKREKRSKMSNDEAATKIQSAYRGFTLRRWEPLKKLKQLAKIEEQMAEHKRHIQTLESSADNGVDNKQRTFLTEVIMGLLLKLDTIQGLHPTVREYRKSVAKELVSLQEKLDLLNCKKQPAESEQTVTAKSSEDTSMAVEDNPSLQGGQEVQKLERDDDFVKGDEGIKFDAKGLCEEQTLCATELLANSHDVGNAVLEGKELNKDVEEVMEGVLGSSAVKTGDGASVQHFESEEKTDKLFDENTIVVEKLEEHGDGVDELGELPRGVPDEETSIQGSAEIRQDTVDLTALTPEERVSDTESLEHYQALGETSIILGLENTHSSNGVEENADIVERDAAVPIDILEREKEVTKPLSEDANMSEVDDKVGMEKNGKKLDQGGSASDGFSVPSQEKAITIEQPTDTTNTEESETIEVLQEKMQNAVDRDIEILDSGKPVEQSLEPQLSIGTNDEAREYKQKMGEGHKEVQGEELQACDDVVVSDHDNEGKEHNVVVEQRHVENFEMQANEPVTAYNAAPVIQEPVDGSKAIATPTSEAATTETEMSREKELGLADDHNIHPSMCVAGEVNPADASHSFGSTPIEVPGKNANELKEWKKMDMLPASPTASQGTSSWISLCKAIE*
Solyc01g101070.3.1,MAQLVSSDDIESIRMDLSEIGRSFRSSFRRQTSILRSNSALSASEKDDVVDEENMLAWAAIERLPTYDRLRSSVFEEVNGNEANVKTKRVTDVTKLGAVERHVFIEKMIKHIEHDNLQLLHKIRKRIDKVGVKLPTVEVRYKNLTIEAECELVHGKPLPTLWNSLKSTIMNLARLPGLQSEMAKINIINDVSGVIKPGRMTLLLGPPGCGKTTLLKALSGNLDNSLKVSGEISYNGYKLEEFVPQKTSAYISQNDLHIPEMTVRETLDYSSCFQGVGSRADIMIDLSRREKEAGIVPDPDIDTYMKAIAVEGQKTNLQTDYILKILGLDICAETLVGDAMRRGISGGQKKRLTTGELIVGPTKALFMDEISNGLDSSTTYQIVACLQQLAHITDATILVALLQPAPETFDLFDDIILMAEGKILYHGPRNSALEFFESCGFKCPERKGVADFLQEVTSKKDQAQYWHETKETYKFLSVDTLSRKFKESPYRKKLNDELSVAYDKSRCHKNSITFRDYSLPKWELFRACMSREFLLMKRNSFIYIFKTVQLVIIAFITMTVFLRTRMHTDLVHANYYLGALFFALIILLVDGFPELTMTIARLAVFYKQNDLCFYPAWAYAIPAAILKIPLSILESIIWTCLTYYVIGFSPEAGRFFRQLLLLFAVHMTSISMFRFLASVCRTVVASTAAGSLSILFVFLFSGFIIPRPSMPVWLKWGFWISPLTYGEIGLAVNEFLAPRWQKTLSTNTTLGNEVLDSRGLNFDGYLYWISVCALFGFTILFNIGFTLALTFLKAPGSRAIISRDNYSQIEGSSDSSDKADAKENSKTTMDSHEGAGRMVLPFEPLSLVFRDVQYSVDTPAAMKELGFTQNKLQLLSDITGAFRPGVLAALMGVSGAGKTTLLDVLAGRKTSGHVEGEIKVGGYPKVQETFARVSGYCEQTDIHSPQITVEESVIFSAWLRLHPQIDSRTKYEFVKEVLETIELDGIKDTLVGMPGVSGLSTEQRKRLTIAVELVANPSIIFMDEPTTGLDARSAAIVMRAVKNVADTGRTIVCTIHQPSIDIFEAFDELILLKSGGRMIYWGPLGRNSCKMIEYFEGISGVPKIKNNYNPATWMLEVTSTSSEAETSIDFAEVYKNSALHKNNEELVKKLTFPPAGSKDLHFPTQFSQNGWGQFKTCFWKQYWSYWRSPSYNLMRSLHMLFASVVFGLLFWNKGKKLDDQQSVFSVFGSMFTAVIFCGINNSSSVLPYVTTERSVLYRERFAGMYASWAYALAQVAIEIPYLLAQALSFTVITYSMIGYYWSAHKVLWYFYSMFCTLLYFTYLGMMLVSLTPNLPVAAILQSSFYTMFNLFAGFLIPKAQIPKWWIWFYYLVPTSWTLNGMLTSQYGDVDTEITVFGDKKSVAAFIRDYFGFHHNQLPIVGVVLIAYPLVFATLFAFFIGRLNFQRR*
Solyc01g102950.3.1,MALQLQLQTTVRNGVFQYPSAIRPFGNRKRVSFQAQATPTRTQRIMEGIAVSGEVGGAGGAYSYTALKRLDQLLSKICSASAVVEEPQKVVFSVPGSYKDSEHVGNSEEMFDVIVCGGTLGIFIATALSSKGLRVGVVERNVLKGREQEWNISRKELLELVEVGVLTEDDIEEATAASFNPNRCGFEGKGDIWVQGILNLGVSPVKLVEIVKDRFDSLGGVTFEGYSVSNISVYQDAAVLQLKEGKTLFSRLIIDAMGNFSPIVKQIRCGRKPDGMCLVVGTCCRGFKENSTSDVIFSSATAKEVGQSLVQYFWEAFPAGSGPIDRTTYMFTYVDPQPGSPQLEELLEDYWDLMPKYQGVSFDDLEILRIIFGIFPTYRDSPLPAAFDRILQFGDASGIQSPVSFGGFGSLTRHLGRLTTGIYEALEGNFLDSKSLSMLNPYMPNLSSSWLFQRAMSAKKQSNVPPDFINELLSANFISMKKLGDPVLRPFLQDVIQFGPLVKTLGLITLTRPQIIPSIFKQVGIPVLLEWFGHFIMLGYYTFLSTFLDPTIRPLIESFPAKMRYEWKRGLEAWQYGAGLDYKQSPSEAHEAANRSDPSKETFSTNSHP*
Solyc01g102960.3.1,MAKAKAHVMSFLVLATTILAILPSKTQALMPYTRPLFDLMFPQEDPFKILEQTPLTIPKGIDQTIALLARSDWKETSKEHIISLDIPGMKKEDIKIEVEENRVLRISGERKTEEENIESEKWHRVERTSGKFWRQFKLPRNVDLEHIKANLDNGVLKITVPKLAEEEKKQSKVISISEQVNGGDIKATM*
Solyc01g103760.3.1,MASEVVGSTQSWKDVYRGMSSDNIKGLVLALSSSIFIGASFIVKKKGLKKAGASGVRAGVGGYSYLFEPLWWVGMITMIVGEVANFAAYAFAPAILVTPLGALSIIISAVLAHVILRERLHTFGILGCALCVVGSITIVLHAPQEREIESVTEVWDLATEPAFLFYAAMVITTSLVLIFHYLPQYGQTHIMFYIGVCSLVGSLSVMSVKAIGIALKLTLSGMNQLIYPQTWAFTMIVIVCIITQMNYLNKALDTFNTAVVSPIYYVMFTSLTILASVIMFKDWDRQNPTQIVTELCGFVTILSGTFLLHKTKDMVDGPPTLPIRLPKHTDEEDGFGQEGIPLKRQDSLRS*
Solyc01g104740.3.1,MPMRPTGGLKQDWDPIVLQKPKMKAQDLKDPKIVNQALRAGAQVQTVKKIDAGLNKKAATLAVNVRKLDEAAEPAALEKLPVGVRQAIQKARIEKKMSQADLAKKINERTQVVAEYENGKAVPNQLVLGKMENVLGVKLRGKIHKS*
Solyc02g030450.3.1,MGKEDCCSTQLIDANGEFNFKGLQNFVSSVKLPRCGLSYAVVAIMGPQSSGKSTLLNHLFYTNFREMDAFRGRNQTTKGIWIANAVGIEPLTIVMDLEGTDGRERGEDDTTFEKQSALFALAVADVVLINMWCHDIGREQAANRPLLKTVFQVMMRLFSPRKTTLLFVIRDKTKTPLEYLEPILREDIQKIWDAVRKPHAHKDTQLSEFFNVEVTALPSYEEKEEQFKDQVAQLRQLFFHSISPGGLAGDRRGVVPASGFSYSVQQIWEVIKENKDLDLPAHKVMVATVRCEEIANEKFSSLMINEDWLALEHEVKEDAVRNFGRRLSSILDNFLSEYDAESLFFEENVRSSKRQQFMSKALQLVHPAFVSQLGHLRVKSLQTFKSQLEQLLRRGEAFAASVRTCSESCITEFDKGCSDAAIRHANWDASKFRDKLIRDIEAHVSSVRNDKLSELKAIYEKQITIALAEPVQSLFDVGGSETWASIRKLLKRETDVAISCFCPALSGFELDQYAFDRMMQSLKDYARSVVEKIAREEAGKVLMQMKDRFNTVFSHDSDSIPRLWTGKEDIKSITLEARSESLKFLSIVAAIRLDEKSDRIESILFSRLLEGKISISSRNSDIADSCDPLASSSWEEVSPENTLLTPVQCLSLWRQFMAETEYIVSQAISAQEAYRQSNNWLPPAWAIVAMIILGFNEFMLLLRNPLYLFMLFVVYLFGKLSGLISISSRFLPTVMDLLRRLAAEGQGNPAPGTSRASQHVSSQSFRSQVNSPNPVSSSVPSSSVSSNVLTENDVEYTSR*
Solyc02g062130.5.1,MAAALSASVSLQSSNSTSLSIKTIFISPENITFNKVLLCNRNVSVSRKVFHIRAQLTTEIPAKVAKVSKKQDEGVVVNKFRPKDPYIGRCLLNTKITGDDAPGETWHMVFSTEGEIPYREGQSIGVIPDGVDSNGKPHKLRLYSIASSALGDFGDSKTVSLCVKRLVYTNDKGEIVKGVCSNFLCKNQGLPKPSNNVSLSSRDLKPGAEVKITGPVGKEMLMPKDPNATVIMVRASSFVITIRHFCVIPFNMTKHNFDLFFLQLATGTGIAPFRGFLWKMFFEKHEDYKFNGLAWLFLGVPTSSSLLYKEEFEKMKEKAPENFRLDFAVSREQINEKGEKMYIQTRMAEYAEELWTLLKKDSTFVYMCGLKGMEQGIDDIMTSLAERDGINWANYKKQLKKAEQWNVEVY*
Solyc02g079020.4.1,MSSSAAASGNVCFNSNCKEFVEKTRKGWRRRTGEFAELCDRCGSAYDDGKFCDAFHLNSSGWRSCESCGKQIHCGCIVSFHTFVLLDAGGIECIACARKSFILPERIKDVNNWNPIAGSGPVPWRQAPSLFNGSTNQNELQHKAPFPEATVSIDRLSLGERPFALLSDNNRKDSCEKLMNGKLKIGVPGTPEDGYAGSNRDEAHKSCLSAPWQSSYANSELSAPSFCLTVGSASKNEPTVHSKVSVSVPQKTTLSIPLPLGKQLGGHATVDSAGETQVKSSKIRGDGRGKNQLLPRYWPRITDQELRRLSEDSNSVITPLFEKMLSASDAGRIGRLVLPKKCAEAYFPPISNPEGLPLKMQDLKGKEWMFQFRFWPNNNSRMYVLEGVTPCIQSMQLQAGDTVTFSRIEPEGKLVMGCRKASNILTADQGSEACSNGNGVATNGNASTKHTKSSEEVLANSTKKGSSSTTLVAATSARAEIKMSDDLVNESLGTNRPIRCKRKGSTMGSKRKRMRIDNDNLVELKVTVVQAQGLMRPPSSGAPTVIVIEGCEFEEYEQEDAPIIGRPTIPHMDQLGEKIQWVQCEDCFKWRKVPDNVDLPSRWTCSDNSCDPERSVCSAVQELTADHLRDLLPHINKASKKRKASKQEMDLVETLDGLDALAHLAILEEGETLPASPQATTKHPRHRPGCTCIVCIQPPSGKGPKHKQSCDCNVCKSVKRRFKTLMMKREKKLSEKEAEATCQKLQPQSAGQLLDADDIQEPIDDAVHSSPQHEELNIEGSVDPNYLNEKKSSVEDPNYLDEKKSSVDDTNYLSEKISSVDDPSYLNEKESSVDDPNILNEKKSSVDDPNCLNEKKSAVDDPNYVDERKSSVDDPNCLKEKKSSASPFKGEFDLNAKPDRDDELSPGSDSGSMMRMIKRAAEQYVRHCDNGSSVGNQRDGDGAGETNPGNCVIVSGSHQADVDHNRPLPISAAASLAPNDQLHFAMAASMSETHKFWESNGDLNLEIVLEEQPLVTERRVLSIVYMVVSLLDLIWDSKLVGLD*
Solyc02g080130.5.1,MARRIAIHWFALTVTIVLSLLVQPSFSIYCDEDDCYDLLGVTQNANSSEIKKAYYKLSLKHHPDKNPDPESKKLFVKIANAYEILKNEATREQYDYALAHPEEFFYNTARYYHAYYGHKTDTRAVLVGLLLIVSIFQYLNQWTRYNQAIDMVKKTPAYKNKLRALELQRTGGMTNRKKGNKPMDKKVEEELGKELNLDIKGTEKPSVWELIGIRFILLPYTLGKLLLWYGCWFWRYNVKHAPYSWEDASYLTRRSLRASLDSWISIDESTKEDLIERRLWEKSNFESYVAEMRKESKRRR*
Solyc03g063760.4.1,MEKGKSNCKNKNKNKPAPSSAITLEQFVSTMAPLIDLEKDAEISVSMNSAETRSLDSAQKKGSTILNLKCVDIQTGLMGKMLLEFQSNKGDILPPHKFGTHDVVVLKPKKADLGCPALGQGVVHRLKDSSITIAFDDVPEECLNNPLRLEKLANEVTYRRMKDTLIQLSKGVLKGPASDLVRVLFGERPPTMSKKDVSFTPSNRNLDHSQKDAISKALSSKDVFLLHGPPGTGKTTTVVEIILQEVKRGSKILACAASNIAVDNIVERLVPHRVKLVRLGHPARMLPQVLDNALDAQVLRGDNSSLANDIRKEMKALNGKLLKAKDRNVKKDIRRELKSLSREERKRQQLAVTDVIKNADVVLTTLTGVLTKKLDGLSFDVVVIDEAAQALEIACWIALLKGSRCILSGDHLQLPPTIQSVEAEKKGLGKTLFERLADLYGDEIMSMLTVQYRMHEQIMNWSSGELYENKIEAHSSVASHMLYHLEDVKESPSTEKALLLIDTAGCDMEEKRDEEDSTLNEGEAEVAISHAKRLVESGVRASDIGLITPYAAQVVFLKTLKSNVDELKEMEISTVDGFQGREKEAIIISMVRSNSKKEVGFLSDRRRMNVAVTRARRQCCLVCDTETVSGDKFLKGLIEYFEEHGEYLSASDMSLIVPTLMYLGGMMHHACDVLTLMYLGRK*
Solyc03g082420.3.1,MAYTSLTSSPLVSNVSVGGTSKINNNKVSAPCSVFVPSMRRPTTRLVARATGDNKDTSVDVHHSSAQGGNNQGTAVERRPTRMALDVSPFGVLDPMSPMRTMRQMIDTMDRLFEDTMTFPGRNRASGTGEIRTPWDIHDDENEIKMRFDMPGLSKEDVKVSVENDMLVIKGEHKKEEDGRDKHSWGRNYSSYDTRLSLPDNVVKDKIKAELKNGVLFISIPKTEVEKKVIDVQIN*
Solyc03g083190.3.1,MNYEVNGTNLAEIEGGEVATTNLLSCNGPEFVMQLSFHVKDSNGLKGKECIEVILEKLEADGYGITENFETLSHVSVRRLGRLLPDARRYLRMLMLDMNLQRRLLQLFVQLLLLLLMHPKIWIRKYIMKENFAMTLEIKFKRSHQNLFRQQAFIYFDFLLVGSCFPEVFSVACRDRFCNRIPFKPQIEIEMKLNSGGRAISSECNYDQYITECSYDQYITHDKYTMKFKKLGDDICRYGLCIRQCDANVVSLNIKQSNIELEMSNLGET*
Solyc03g096950.4.1,MATAHDTEQLIVSSIDKGENSSSEINIVREPLLEGEHHAENYSVLSAVLPFLFPAFGGLLYGYDIGATSSATISIESATLSGISWYDLSSVQTGLITSGSLYGALIGSAVAFQIADWLGRRRELIVSALFYFLGALVTAFAPVYVILVIGRLLYGVGIGLAMHAAPMYIAETAPSQIRGQLISLKEFFIVFGMLAGYTVGSLLIETVAGWRYMYGISAPLAVIMGIGMWWLPSSPRWILLCAMQGKGELQGLRENAICCLCQLRGAAIGDSASRQVDDILSELSQLSEEKEATIGEMLQGKCLKALTIGAGLILFQQITGQPSVLYYAAKIFQDAGFSAAADATRASVFLALLKLIMTAVAVVVVDKLGRRPLLLGGVSGIAMSLFLLGSYYTFLGDVPAVAVTALLLYVGCYQLSFGPIGWLMISEIFPLRVRGRGLSITVLVNFGANALVAFAFSPLQDLLGAGTVFFIFGGIAVLSLVFIFFIIPETKGLTLEEIEAKYL*
Solyc03g097960.1.1,MGRFKLNGDPTPRLKHFSHPHELELCIQLQNNPTPCSGCKLPSSPQMYTCKPCNFTLHLSCTQFPKLINHPAHPDHTLALLPRSKYPHGLFNCDACNHRGDGFSYHCRDCEYDLHVICASKPLKITHQLHQCQLELTFKNPYADAKGFSCDVCQKIGVKQWLYRCGTCDFDVHLDCSNPNPNSAVQGSTILQHHHSFPGATSSHNQFQQPPMVEKKRPNQLVQSANSGAMGIQLPQAPMLSGQAMPNQYTQTSQGAAQARPNPLLYSTSTGSIPQHQSLQPPLIQGLVRPDQYLQSPGTNNDMMNAAFQGLVEVAAQQVGQTIMQGFVGGGNNSDGNEGSSILRSIFGDSSQN*
Solyc03g113590.3.1,MAIPWAVSLSTSRFFPTRSAILRRQTSPCSATATMSTAGEQNTSDTAHLDTIFKQKKALRLVVKRDLKSMDPTLRSEEDEAIQRIVMEAPWFKACKGLCAYISCSALREVDTSRILSHILSSHSEMRKKLFVPRVEDRNRNMRMLNISSTEDLIANSMNILEPAPLDAEGNEREDVLFANEPVDLLILPGLAFDKAGRRLGRGGGYYDTFLSRYQELAEKRNWKQPLKVALSYSVQIVDEGTIPLTPNDVLVDALVSPSGVIPISPAALEFCQ*
Solyc03g113930.3.1,MAKTRVSFMSFLVLAMVVVLFPSQIKALMPYTRPFWDIAFPPEDPFRILEQTPLTIPKGVESIALTRSDWKETATEHVITLDIPGMKKEDVKIEVEENRVLRVSGERKTEEEIEGEKWHRAERTCGKFWRQFRLPGNADLEHIKAHLENGVLKITVPKLAEEKKKQSKVISIAEAVGGEDIKANKAEM*
Solyc03g117440.3.1,MADPVNMEMEDEDNYVEYVPVAKRRAIEAQKILQRKGNSSVLEEEEEKSKLVEAKPSLLVMATQLKKEQPEISPTEQVVLQEKEMIEHLSDRKTLMSVRELAKGITYTEPLLTGWKPPLAIRRMSKKSCDAIRKQWHIIVDGEDIPPPIKTFKEMRFPEPMLKKLKAKGIIQPTPIQVQGLPVILSGRDMIGIAFTGSGKTLVFVLPLIMVALQEEIMMPIAPGEGPLGLIVCPSRELARQTYEVIEQFLEPLKEYGYPELRPLLCIGGVDMKSQTDVVKKGVHIVVATPGRLKDMLAKKKMNLDNCRYLTLDEADRLVDLGFEDDIREVFDHFKAQRQTLLFSATMPTKIQNFARSALVKPITVNVGRAGAANLDVIQEVEYVKQEAKIVYLLECLQKTPPPVLVFCENKADVDDIHEYLLLKGVEAVAIHGGKDQEDREYAIATFKSGKKDVLVATDVASKGLDFPEIQHVINYDMPAEIENYVHRIGRTGRCGKTGIATTFINKNQSETTLLDLKHLLQEAKQRIPPVLAELNDPMDDVEAITNASGVKGCAYCGGLGHRIRDCPKLEHQKSVQIANSRRDYFGSGGYRGEI*
Solyc04g011440.4.1,MAGKGEGPAIGIDLGTTYSCVGVWQHDRVEIIANDQGNRTTPSYVAFTDTERLIGDAAKNQVAMNPTNTVFDAKRLIGRRFSDPSVQSDMKLWPFKVIPGPADKPMIVVNYKGEEKQFSAEEISSMVLIKMKEIAEAFLGTTIKNAVVTVPAYFNDSQRQATKDAGTISGLNVMRIINEPTAAAIAYGLDKKSSSTGEKTVLIFDLGGGTFDVSLLTIEEGIFEVKATAGDTHLGGEDFDNRMVNHFVQEFKRKHKKDISGNPRALRRLRTACERAKRTLSSTAQTTIEIDSLYEGIDFYTTITRARFEELNMDLFRKCMEPVEKCLRDAKIDKSGVHDIVLVGGSTRIPKVQQLLQDFFNGRELCKSINPDEAVAYGAAVQAAILSGEGNEKVQDLLLLDVTPLSLGLETAGGVMTTLIPRNTTIPTKKEQVFSTYSDNQPGVLIQVYEGERARTRDNNLLGKFELTGIPPAPRGVPQITVCFDIDANGILNVSAEDKTTGQKNKITITNDKGRLSKDEIEKMVQEAEKYKAEDEEHKKKVEAKNALENYAYNMRNTIKDDKIASKLSPDEKKKIEDSVEQAIQWLDGNQLAEADEFEDKMKELESICNPIIAKMYQGGAGPDMAGGMDEDGPSAGASSAGAGPKIEEVD*
Solyc04g014480.3.1,MAIFGDPFRRFLLSPTIHRSFSGSPALLDWIESPNSHIFKINVPGYSKEDIKVQVEDGNVLVVKAEGHGGKKDEFHGKEKDIVWHVAERGGGRGGDFSREIELPEDVKVDQIKAQCENGVLTIVVPKDATPKTSKVRNINITSKL*
Solyc04g054290.3.1,MDHQNSQSFASQSHFYVSFLQDSLKSKVPFPIKLIHGRIIKSGIHLSVFLMNNLINGYAKTGFLSYARKVFDVMPVRDSSSWNTLLSGYSKGGLINEAHSIFREMPYQDSVSWTTMIAGCNFVGSFQVAIQMFLEMVSVSDVSPTQYTFTSVLASCAEIRALNEGRRVHSFVVKFGLSSYVSVANSMLNMYAKSGDRNAAQMVFDGIVVKNTSSWNTLISLYMQTGQVDLALEQFEQMNEHDIVSWNSMITGYNQHGFDVLALSMFSKMLKESLLEPDRYTLASALSACANLGELNVGKQIHAHLIRTEFDTSGAVGNSLICMYSRSGGVDIARRILEKSRESNLNVIAFTSLLDGYIKLGDISPARKLFDSLKDRDVVVWTAMIVGYVQNGFNDDAMELFRLMVKEGPDPNNYTLAAMLSVCSSVASLNHGKQIHSAAIKAGEALSVSVSNALVTMYAKAGNISCARRVFDLIHLNRDTVSWTSMILALAQHGLGAEALQLFENMLALGMKPDHITYVGVLNACTHVGLVAQGRNYYKMMKEIHGIEPTSSHCACMIDLFGRAGLLEEAQDFIENMPIEPDVIAWGSLLASCRVHKKMELAKVAADRLLSIDPENSGAYSALANVYSACGKWAEAAKIRKSMKDKQVKKEQGFSWIQIKNVVHVFGVEDGLHPQRDAIYKTMEKIWKDIKKMGFIPDTESVLHDLDYEVKEQILRHHSEKLAIAFGLINTPENTTLRIMKNLRVCNDCHSAIKFISKLVGREIILRDATRFHHFKGGFCSCHDYW*
Solyc04g080850.3.1,MATSSEEGQVIGCHKVEEWKVQLQKGVETKKLVVVDFTASWCGPCRFIAPILADIAKKMPHVMFLKVDVDELKKVAEEWNVEAMPTFVFIKEGKEVDRVVGANKDGLLQTIEKHGAAPAVVTA*
Solyc05g014280.4.1,MAHCLSRFPISQPILFSNNPKYSNSSLPISSRKYQGNYKKLKVMVVDERHNLDHLQRQNKTPQPRKRTPQMAPVGLWDRFPTARTVQQMMDTMDRVIEDPLAFNGGPSTDDIGYRRGRTPWEIKENEGEYKMRFDMPGMTKEDVKVWLEEKMLVVKGEKMVKNNEKEEEWSAKSYGKYNTRIALPENIDFEKIKAEVKDGVLYITIPKASSNPKVFDINVQ*
Solyc05g055010.4.1,MSTVTSSQYNYLDGTYFPTPLHLQQQPSQPYSAPPVVPPVYSAPAAVPDVYSLPQYLQTQQLFERVAQTITPEAIENVKAALASSELEQKAGVKKKAVPRKAAGQTWEDPTLAEWPENDFRLFCGNLGNEVNDDVLSKAFSRFPSFNMARVVREKRTGKTKGYGFVSFSNPSDLVVALKEMNGKYVGNRPVQLRKSKWKDRIDYEALARQKNASPKKAKSPKKSVLHK*
Solyc06g011370.4.1,MATRRSALAALKASRSRVLSQSRPAVSRLSENRILGGSTAPLCNGFVIAERSAANSNVWRNYDLFAKIFLRSYSTASSEQINNTDYTEMALDAIVGAVEAARTNKQQVVETEHLMKALLEQKDGLARRIFTKAGLDNTSVLQETNNFISQQPKVVGDTSGPIMGSHLSSLLETTKKHKKAMEDSYMSVEHMLLAFFSDKRFGQKLFRDLKLTEEALKDVVNAIRGSQRVTDPNPEGKYEALDRYGNDLTELARRGKLDPVIGRDDEIRRCIHILSRRTKNNPVIIGEPGVGKTAIAEGYDL*
Solyc06g036290.3.1,MADVQMAEAETFAFQAEINQLLSLIINTFYSNKEIFLRELISNSSDALDKIRFESLTDKSKLDAQPELFIRLVPDKVNKTLSIIDSGIGMTKADLVNNLGTIARSGTKEFMEALQAGADVSMIGQFGVGFYSAYLVAEKVIVTTKHNDDEQYIWESQAGGSFTVTRDVDGEQLGRGTKITLFLKEDQLEYLEERRIKDLVKKHSEFISYPIYLWTEKTTEKEISDDEDDEPKKEQEGDIEEVDEDKEKEKGKKKKIKEVSHEWQLINKQKPIWLRKPEEITKEEYAAFYKSLTNDWEEHLAVKHFSVEGQLEFKAILFVPKRAPFDLFDTRKKMNNIKLYVRRVFIMDNCEELIPEYLGFVKGVVDSDDLPLNISREMLQQNKILKVIRKNLVKKCIEMFNEIAENKEDYNKFYEAFSKNLKLGIHEDSQNRAKLADLLRYQSTKSGDELTSLKDYVTRMKEGQKDIYYITGESKKAVENSPFLERLKKKGYEVLFMVDAIDEYAIGQLKEYDGKKLVSVTKEGLKLDDESEEEKKKKEEKKQSFESLCKVIKDILGDKVEKVVVSDRIVDSPCCLVTGEYGWTANMERIMKAQALKDNSMSSYMSSKKTMEINPDNGIMEELRKRAEVDKNDKSVKDLVLLLFETALLTSGFSLDDPNTFAARIHRMLKLGLSIDEEEEAGVDVDDMPPLEDVGEESKMEEVD*
Solyc06g076520.1.1,MSLIPRIFGDRRSSSMFDPFSIDVFDPFRELGFPSTNSGESSAFANTRIDWKETPEAHVFKVDLPGLKKEEVKVEVEEDRVLQISGERNVEKEDKNDKWHRMERSSGKFMRRFRLPENAKMDQVKASMENGVLTVTVPKEEVKKPEVKSIEISG*
Solyc06g076560.2.1,MSLIPRIFGDRRSSSMFDPFSIDVFDPFRELGFPGTNSGESSAFANTRIDWKETPEAHVFKADLPGLKKEEVKVEVEEDRVLQISGERNVEKEDKNDKWHRVERSSGKFMRRFRLPENAKMDQVKASMENGVLTVTVPKEEVKKPEVKSIEISG*
Solyc06g076670.3.1,MSYSRRSRYSRSPSYDRYSKSVSRSRCVSRSRSRSCDSSDVENPGNNLYVTGLSTRVKERDIEKHFSAEGKVEDVRLVLDPWTHESRGFGFVTMSSVEEADRCIKSLNRSILEGRVITVEKARRRRGRTPTPGKYLGLRTVRVRRESRTYPHYSRNHSPCYSSESYRSRSRSYSPYYRQEHRSYSYYRGRQRSHSSYYSRHHCYSESPYSPYYSRGRSYSRSLSPYNGRDRSYSPDDCYYRRSRYHDYSPDNHRRDRSYSPDDRYYRRSRYRDYSPESHDLSDSPDVRDNRMSRYRDYSPNNSYYYRRNRYRSISRSISPRYRRSYSRSVSPRWSKRSYSRSVSRSSCSRSSYSPNQKKSSKKSRSVSASSRFVSRSVTPRSSPSS*
Solyc06g082710.5.1,MEILNFSFNSLTEILRLSGMIPNQVLSDYDRLQRGSPSPVGSIDMMQHVGGKGLGGWNGNGWNAFQEQRLGGPQGRPIDWQASPGSPSSFVVKRVLRLDIPVDRYPNFNFVGRLLGPRGNSLKRVEASTGCRVFIRGKGSIKDAEKEESLRGLPGYEHLNEPLHVLLEADLPINIVDVRMKQASQIIEELLRPVDESQDLYKRQQLRELALLNNNFREESPQPRGSLSPFSSSGMKRAKTGW*
Solyc06g150138.1.1,MQRHFKRRRKRKQHRRKMDGISTNRKAITSRRNRFMTSFMELFILSNSGMYCLAFVPLICVFICNEIYSLFTLLERNIY*
Solyc07g006830.4.1,MQTRYMERTKSMKRSLEGDDEQPPERKRPALASVIVEALKVDSLQKLCSSLEPILRRVVSEEVERALAKLGPARIAGRSSPKRIEGPDGSNLQLQFRSRLSLPLFTGGKVEGEHGAAIHVVLIDTTTGHLVTAGPESCIKLDVVVLEGDFNNEEDEGWTQEEFDGHVVKEREGKRPLLTGDLQITLKEGVGTLGDLTFTDNSSWIRSRKFRLGMKVASGYCEGVRIREAKTEAFTVKDHRGELYKKHYPPALNDDVWRLEKIGKDGSFHKRLNKAGIFTVEDFLRLVVRDPQKLRSILGSGMSNKMWEALIEHAKTCVLSGKLYVYYSDDSRNVGVVFNNIYELNGLIAGEQYYSADSLSDSQKVYVDSLVKKAYDNWNQVVEYDGKSFLNIKQNQNPSSSRNELPVGPVDYPNTLVNQLPQSRHPVPVQSEQSSMDPNLLIGGSGYNDNMVARMPTQSPMMNSNSRSQFESTPFAPQHQITSSHQLQSTRYDNNVGLALGPPQSSSFQTITSSLPQTNLNPFDDWSHNRDKGVDEFLSEEEIRMRSNEILENDDMQHLLRLFSMGGHGSINVPEDGYGFPSFMPSPSPSFSYDEDRTRPGKAVVGWLKIKAAMRWGFFVRKKAAERRAQLVELDDE*
Solyc07g065410.1.1,MALSWVITIANTITLSNSKSQSSIEFNKNQTNKSIISISNEKNFEFFQMPLHYPRYTKHDYEKMEEWKIDALLREYGLDFQGSVDEKRRFAIGAFLWPNQL*
Solyc08g005420.3.1,MDAGSRYNKFRPPLVNQMSHKKRTRENLDRFIPNRSAMDFDYAHYMLSGGKVKKEHYGVNSPSKEAYSKQLAEIFNMNRTRILAFKNKPPHSAERVSESPSSIQQPKTVKKRRYIPQSSERTLDAPDILDDFYLNLLDWGSNNVIAIALGNSVYLWDASDGSVTELLTVDDDFGPVTAVSWSPDGRSLAVGLNNSHVQLWNTLQGSSRLLRTLQGHRLRVGSLDWNGHILTTGGMDGMIINNDVRIRSHIVGTYRGHNQEICGLKWSASGQQLASGGNDNLVHIWSISMGSANSTHQWVHRMTDHTSAVKALSWCPFQSNMVASGGGIGDQCIKFWNTNTGACLNSVNTGSQVCSLLWNRHDRELLSSHGFIDNQLAVWKYPSMTKISELLGHTSRVLHMAQSPDGYTVATAAADETLRLWNVFGNPTETKPVLKRKLEPFFDLAQIR*
Solyc08g006150.3.1,MVFWIFGYGSLVWNPGFEYDEKLIGYIKDYKRVFDLACIDHRGTPEHPARTCTLEESKGAICWGAVYCVRGGPEKEKKAMEYLERRECEYDSKTLVDFYTDEDSPQPALTGVIVFTSTPDKVNNKYYLGPAPLEEMAWQIATAHGPCGNNREYIFKMEKALYDIDHEDDYIIELANEVRKVLEIVGAGIQKEKELLGSSHIPLKTQTSPVKIFSLPEAPAVAVAAADS*
Solyc08g062340.3.1,MDLRLMGIDNTPLFHTLQHMMEAAGEDSVNAPSKKYVRDAKAMAATPVDVKEYPDSYVFVVDMPGLKSGDIKVQVEEDNVLLISGERKREEEKEGVKFIRMERRVGKFMRKFSLPENANTDAISAVCQDGVLTVTVQKLPPPEPKKSKTIQVKVA*
Solyc08g063090.2.1,MADSRKYISSEELKNHNKPGDLWISIQGKVYDVSDWVKEHPGGDFPLLNLAGQDVTDAFVAFHPATAWKYLDKFFKGFYLKDYSVSEVSTDYRRLVSEFTKMGLFEKKGHSGWIGHDSGHYQVMSTRGFNRFAQVLTGNCLAGISIAWWKWNHNAHHIACNSLEYDPDLQHMPFFVVSSKFFDSLTSYFYDRKMNFDSFTRFLVSHQHWTFYPVMCFARINLFAQSFILLLSNKNVPHRVQELLGVVSFWIWYPLLVSFLPNWGERIIFVLASFTVTGIQHVQFCLNHFSSEIYVAPPKGNDWFEKQTNGSLDISCPSWMDWFHGGLQFQIEHHLFPRLPRCQLRKVSPFVKDLCKKHGLPYSCVSFWKSNVLTISTLRAAALQARDLTKPVPKNLVWEAVNTHG*
Solyc08g066940.4.1,MAIIEEEEEEERLLDHLPKTYTKGGLKTMPFIIVNETLEKVASYGLQPNMVIYLMKVYNLEIATATSLLSLWSALSHGLALLGAFVSDSFLGRFTVVAIGSISSLFGMTILWLTTMVPQLRPSSCDHFDINECDRPTPAQLLVLLFSFGIIALGAGFVRPCSIAFGADQLDNKENPNNKRIMESYFNWYYATIGMSTLVATTLIVYIQDAFGWRVGFGIPAILMFFSVTAFLLGSSMYIKVSASESLFTGFFQVLVAAVRKRKIDLPVNCANYYHQSPDSESQALTSSFRCLNKACMIEDPERDINPDGFASNSWRLCSVEQVVSLKSLLRVVPMWSSNIMVQLSLNQFSFATLQTKTMDRHIFSDFEIPAGSFSVFMVITLVMWIAFYDRALVPIKARYTGQPGGLSPVLRMGIGLVLSAAAMVLSAITEGIRRGIAIDQKVPQDVPNINMSAMWFVPQYVLLGLADAFNAIGFQQEQRKEEDSHREDNNFTTLCILKKGLLKALVLGSLCK*
Solyc08g067960.3.1,MGDIVIEHSGSPHYEALNLQNVTTSENDADLVRSYCGGFFPEGSTHEEKSTCTEALDRGFFEYGCSHYRRRCRIRAPCCDEMFDCRHCHNESKNNINIDQKLRHEIPRHKVERIICSLCNTEQEVRQVCINCGVCMGRYFCETCKLFDDDISKRQYHCSGCGICRIGGMENFFHCPKCRCCHSVLLRNSHPCVEGAMHHDCPVCFEYLFESINDVTVMPCGHTIHKNCLKEMQEHYQYACPLCCKSVCDMSKVWEKFDMEIAATPMPEPYQDKKVWILCNDCGITSEVQYHFVAQKCPCCKSYNTRQTRGG*
Solyc08g078700.3.1,MATLALRRATASSLFNRLVNPVRSASAFRSFNTNTQMTAYDQDDRGVDVDRRSDRSVSRRDAFPSLFSDVFDPFSPPIRSVSQLLNMMDQMMDSPFVAAPRAMGAGVGARRGWDVKEDDNALYIKMDMPGLDKENVKVAVEENTLIIKGEGEKESENEEYRRRYSTRLEIPQNIYKLDGIKAEMKNGVLKVAVPKVKQEERKDVFDVKIE*
Solyc09g007270.3.1,MVKCYPTVSEEYQKAVEKCKRKLRGLIAEKNCAPIMLRLAWHSAGTYDVKTKTGGPFGTIRHPNELKHGANNGLDIAVRLLEPIKEQFPILSYADFYQLAGVVAVEVTGGPDIPFHPGRQDKTEPPPEGRLPDATKGSDHLREVFGHMGLSDKDIVALSGGHTLGRCHKERSGFEGAWTNNPLIFDNSYFKELLSGEKEGLLQLPSDKALLEDPVFRPLVEKYAADEDAFFADYAEAHLKLSELGFADAE*
Solyc09g008970.1.1,MKAVVQETKNGKVSIKTECRANEEGRKHIEKLDLDTKNVDTVKYVEKKLTEKGVQRLERHPSDGLPLKHDPKKGHGGKYTWEGPDKYNADERDLNHNVNEEAEDDEGGVIVGEIEVAKLAEEGVARIEIDPNLKID*
Solyc09g011410.4.1,MYCTSRESNPGLYRGRIAIRKDIDECREDAGIISVERRIDCFEALFRKKMSLLSSSFLVSAPCKSISSSKTILGESQLFLSTKFSSLSLTTTTTTITNVPYRKLIIRMGGGPRTYPGGVSKWQWKRMQAKKSKQLLKARLARERQIYEMRKRAELKAAVSELERPWEVVEKAPTLFSVSADEHLRVLADRFQKPGGFDMWSDKDGPELFKPEDGLPSARFFPKGVVHSIKPYGNVENTDRGSDEFSNLGSDSQSGSDRLVHAQMQAELAKKEVESDKKVRMKSARNEQKNSTKLRSGSNREGNEGLVSNNVSKDGNSRTGMQNKLRKSTDQRKLSVHAEKFNSAEAGKSRVKNKGHIPVDSDGKHGRFNLVDMFDDSDSPVFELSLLNDGSYELQPDN*
Solyc09g015000.4.1,MSLIPSFFGGRRSNIFGPFSLDLWDPFEGFPIANTPSSAREISAFANAKIDWKETPQAHVFKVDVPGIKKEEEKNDQWHRMERSSGKFKRRFRLPENAKTGEIKAEMENGVLTVTVPKEEEKKKSEVKAIDISG*
Solyc09g091510.3.1,MVTVEEYRKAQRAEGPATILAIGTSTPSNCVDQSTYPDYYFRITNSEHKTELKEKFKRMCDKSMIKKRYMHLTEEILKENPNMCAYMAPSLDARQDIVVVEVPKLGKEAAQKAIKEWGQPKSKITHLVFCTTSGVDMPGCDYQLAKLLGLRPSVKRLMMYQQGCFAGGTVLRLAKDLAENNKGARVLVVCSEITAVTFRGPSESHLDSLVGQALFGDGAAAIIIGSDPIIGVERPLFELVSAAQTLVPDSEGAIDGHLREVGLTFHLLKDVPGLISKNIEKSLLEAFQPLGISDWNSLFWIAHPGGPAILDQVELKLGLKPEKLRATREVLSNYGNMSSACVLFILDEMRKASTKEGLGTTGEGLEWGVLFGFGPGLTVETVVLHSVAA*
Solyc10g006610.5.1,MLYGFSLLVRAAIPEASKSPMKATEGSIVEENKKALHFIEEVTTNVDEVQKRVLAEILSQNANVEYLQRHDLNGHTDRETFKKVMPVITYEDIQPDINRIANGDKSPIFCFQSTSEFLTSSGTSGGERKLMPTIQEEIGKRFHLRGLGMSVISQFVPDLEKGKGMYFWSIKSEAKTPGGLPARPVLTSMFKSPYFNNNRFSPYANYTSPTETILCQDSYQNMYSQMLCGLYQRKEVLRVGSPFASGFIRAIRFLEKHWSLLCNDIRTGTVNAQITNLSVRESVMKILKPDPELADFIEAECSKDSWQGIIARLWPNTKYVDVIVTGSMSQYIPTLDYYSNGLPLVSSIYASSECHFGVNLNPFCKPSEVCYTLIPTMCYFEFAPIHRDNGLINSISKSKSLNEKEQNQLVDLVDVKIGQEYELVVTTYSGLYRYRVGDVLRVAGYKNNAPQFCFVCRENVILSIDSDKTDEAELQNAVKNAVHNLIPFDANVVEYTSYADTTAIPGHYVLYWELSLNGSTHIPPSVFEDCCLTIEESLNSVYRQGRASDKSIGPLEIRIVEIGTFDKLMDYFVSLGASPDQYKTPRCLKSAPLVELLNSRVMSRHFSPTCPNWVPGHKQWYNMN*
Solyc10g011810.4.1,MGDSKKYITAEELKKHNKRDDLWISVQGKIYNVTDWIKQHPGGDIPILNLAGQEATDAFIAFHPGTISYLGHDSGHYLIMTNKGFNKMVQIMSGNCLTGISIAWWKWTHNAHHVACNSLDYDPDLQHLPVFAVSSSLFKSLNSTFYGRELTFDSLAKFFVSYQHFTFYPIICVSRVNLFVQTLLLLFSKRKVPDRFLNILGIMVFWTWFPLLVLSLPNWTERVLFVLTSFAVTGIQHVQFCLNHFAADVYVGQPKGNDWFEKQTAGTIDIDCSPQMDWFFGGLQFQLEHHLFPRLPRCQLRKISPIVQELCKKHNLSYRSLSFFEANRWTIRTLKTAAMQARGLLWEAVNTHG*
Solyc10g012410.3.1,MGDLYALDFDGVLCDSCGESSLSALKAAKVRWPSLFNGVDSSLEDWIVDQMHVVRPVVETGYENLLLVRLLLESIIPSIRKSSVAEGLTVEGILENWSKIKPIIMAEWNEDRDFLIDLFGKVRDEWMDNDLATWIGANRFYPGVPDALKFASSKLYIVTTKQSRFADALLKGIAGITIPAERIYGLGTGPKVKVLKQLQEMPEHQGLKLHFVEDRLATLKNVIKESELDGWNLYLGDWGYNTQKEREEAAGISRIRVLELSDFSNKLK*
Solyc10g081480.2.1,MASLMAEQTDEAEVNQSTKQSQSFVEVICKCTGKTWRFAAGTEAKFALKFINSSSVDSIPADQPATYVEAVKDGEVPVIFGPNSILVSYGKGWKLQPVTETTKGFSRRMPDDYAAARPAYMPPVLDNSHSAKRKSQAAALSPIYIGKILLVFVLMFFVGALFTLLLDNLPQLLSRYGLDVE*
Solyc10g084400.2.1,MATPVQEIRPASLDSTSESPALFDGTTRLYISYVCPFAQRPWIARNFKGLQDKIELVPIDLQNRPVWYKEKVYPQNKVPSLEHNNKVIGESLDLVKYIDSNFEGPFLLPDDPEKQKFAEELIAYSDTFLKEIYANFKGDIEKHAGPQFDYLEKALDKFDDGPFFLGQFSQVDIVYAPFVERFQIFLKEGLNYDITSGRPKLAKWTEELNKLDSYIQTKADPKEVVDLYKKKYLA*
Solyc11g020040.2.1,MASSATHQVKIPFSGHKLDNRTPFSGGRISFASRKKCYSDKAVRQRFRPMKVVNEKVVGIDLGTTNSAVAVMEGGKPTIVTNAEGQRTTPSVVAYTKNGDRLVGQIAKRQSVVNPENTFFSVKRFIGRKMAEVDEESKQVSYRVMKDENGNVKLECPAIGKQFAPEEISAQVLRKLVDDASKFLNDKVAKAVVTVPAYFNDSQRTATKDAGRIAGLDVLRIINEPTAASLAYGFEKKSNETILVFDLGGGTFDVSVLEVGDGVFEVLSTSGDTHLGGDDFDKRIVDWLADTFRKEEGIELLKDKQALQRLTEAAEKAKIELSTLTQTNISLPFITATADGPKHIDTTFTRAKFEELCSDLLDRLKTPVETALKDASLSFKDIDEVVLVGGSTRIPAVQNLVRKMTGKEPNVSVNPDEVVALGASVQAGILAGDVSDIVLLDVTPLSLGLETLGGVMTKIIPRNTTLPTSKSEVFSTAADGQTSVEINVLQGEREFVKDNKSIGRFRLDGIPPAPRGVPQIEVKFDIDTNGILSVTATDKGTGKKQDITITGASTLPKDEVDRMVQEAEKFAREDKEKREAIDAKNQAESVVYQTEKQLKELGDKVPADVKNKVESKLKELKDAISGDSTQTIKVAMAALNQEVMQLGQSLYSQPGPAGSGPSPGAGTTGSSGSTGKDDGDGEVIDADFSESN*
Solyc11g066100.2.1,MAAAGKGEGPAIGIDLGTTYSCVGVWQHDRVEIIANDQGNRTTPSYVAFTDTERLIGDAAKNQVAMNPVNTVFDAKRLIGRRFSDPSVQSDMKLWPFKVIPGPGDKPMIVVTYKGEEKQFSAEEISSMVLTKMKEIAEAYLGTTIKNAVVTVPAYFNDSQRQATKDAGVISGLNVMRIINEPTAAAIAYGLDKKSTSTGEKNVLIFDLGGGTFDVSLLTIEEGIFEVKATAGDTHLGGEDFDNRMVNHFVQEFKRKHKKDISGNPRALRRLRTACERAKRTLSSTAQTTIEIDSLYEGIDFYTTITRARFEEMNMDLFRKCMEPVEKCLRDAKMDKSGVHDVVLVGGSTRIPKVQQLLQDFFNGKELCKSINPDEAVAYGAAVQAAILSGEGNEKVQDLLLLDVTPLSLGLETAGGVMTVLIPRNTTIPTKKEQVFSTYSDNQPGVLIQVYEGERARTKDNNLLGKFELSGIPPAPRGVPQINVCFDIDANGILNVSAEDKTTGQKNKITITNDKGRLSKEEIERMVQEAEKYKSEDEELKKKVEAKNGLENYAYNMRNTIKDDKVSSQLPAADKKKIEDAIDEAIKWLDSNQLAEADEFEDKMKELESVCNPIIAKMYQGGAGGATMDEDDGPSVGGGAGSASGAGPKIEEVD*
Solyc11g066830.2.1,MAEHLASIFGTEKDRVNCPFYFKIGACRHGDRCSRLHTKPSISPTILLSNMYQRPDSITPGVDAQGNPIDPRKIQEHFEDFYEDLFEELNKYGEIESLNICDNLADHMVGNVYVQFSEEEQAANALKNLTGRFYAGRPIIVDFSPVTDFREATCRQYEENVCNRGGYCNFMHLKKISRELRRQLFGRYRTRHSRSRSRSPYRHRSYEDRSHRSHSRKHDERDHYYESRSRRNRSTSPDHRRGRSRSPGGRRDRSPVRDGSEERRARIEQWNREKEQAELDNRANADSNYKNESNENGSAPNQDQYYNQQ*
Solyc11g070060.2.1,MVKFMLLIKAELDNITDLQPQGGCDDDNFRYYFKLKCTLCGEITQKETYVRLVETVPHPVGKGHTHLVQKCKFCGRDGTITMISGLGRPLTHADSAAGKSAPLMLFDCRGFEPLDYVFRGEWEAESLKGTIFEGIDLSGDEFVEYDERGEAPVMTSRPSATFNVVK*
Solyc11g071830.2.1,MFGRGGKKKSDNTKFYEILGVSKNASEDEIKKAYRKAAMKNHPDKGGDPEKFKELAQAYEVLSDSQKREIYDQYGEEALKEGMGGGGGTHDPFDLFNSFFSGSPFGGGGRRGQRERRGDDVVHPLKVSLEDLYNGMTKKLSLSRNVICSKCSGKGSKSGESMKCSGCEGTGMKVSIRQLGPGMIQQMQQPCNKCKGTGETIDDKDRCPQCKGKKVVPEKKVIEVHVEKGMQNGQKITFPGEADEAPDTVTGDVVFVLQQKDHPKFKRKGDDLFVDHTLTLTEALCGFQFILAHLDGRRLLVKSNPGEVVKPDQFKAINDEGMPVYQRPFMKGKLYIHFIVEFPDSLSLPQVQLLEAMLPSRPTSQYSDMELDECEETTLHDVNMEEEMRRKQAAQQEAYDEDEEMSGGGGQRVQCAQQ*
Solyc12g055930.3.1,MSKNILVTGGAGYIGSHTVLQLLLGGYKTVVVDNLDNSSAIAIKRVQELAGRFGSNLLFYNIDLRDKPAVEKLFESNKFDAVIHFAGLKAVGESVQKPLMYYNNNITGTITLLEVMATRGCKNLVFSSSSTVYGWPKEVPCTEESPISAANPYGRTKLFAEDICRDVYHSDSQWKVILLRYFNPIGAHPSGCIGDDPRGIPNNLMPFVQQVAVGRRPALTVYGTDYPTKDGTAVRDYIHVVDLADGHIAALRKLFDPSTGCEVYNLGTGKGSSVLEVVAAFEKASGKKIPLVMSGRRPGDAEIVYAATEKAERELNWRAKYGIEDMCRDQWNWASKNPYGYEGSKESK*
